日期,初始行为,行为1,行为2,行为3,行为4,行为5,行为人数
2019/1/21,注册,注册成功,登录,搜索课程,查看课程详情,加入购物车,42
2019/1/21,注册,注册成功,登录,搜索课程,查看课程详情,分享课程,23
2019/1/21,注册,注册成功,登录,搜索课程,查看课程详情,购买课程,17
2019/1/21,注册,注册成功,登录,搜索课程,其它,,9
2019/1/21,注册,注册成功,登录,搜索课程,退出,,3
2019/1/21,注册,注册成功,登录,点击推荐课程,查看课程详情,加入购物车,45
2019/1/21,注册,注册成功,登录,点击推荐课程,查看课程详情,分享课程,20
2019/1/21,注册,注册成功,登录,点击推荐课程,查看课程详情,购买课程,13
2019/1/21,注册,注册成功,登录,点击推荐课程,搜索课程,查看课程详情,51
2019/1/21,注册,注册成功,登录,点击推荐课程,其它,,1
2019/1/21,注册,注册成功,登录,点击推荐课程,退出,,3
2019/1/21,注册,注册成功,登录,签到,签到成功,,47
2019/1/21,注册,注册成功,退出,,,,13
2019/1/21,注册,注册失败,再注册,注册成功,登录,搜索课程,19
2019/1/21,注册,注册失败,再注册,注册成功,登录,点击推荐课程,13
2019/1/21,注册,注册失败,再注册,注册成功,登录,签到,14
2019/1/21,注册,注册失败,再注册,注册成功,退出,,2
2019/1/21,注册,注册失败,再注册,退出,,,4
2019/1/21,注册,注册失败,退出,,,,7
2019/1/22,注册,注册成功,登录,搜索课程,查看课程详情,加入购物车,25
2019/1/22,注册,注册成功,登录,搜索课程,查看课程详情,分享课程,32
2019/1/22,注册,注册成功,登录,搜索课程,查看课程详情,购买课程,20
2019/1/22,注册,注册成功,登录,搜索课程,其它,,6
2019/1/22,注册,注册成功,登录,搜索课程,退出,,7
2019/1/22,注册,注册成功,登录,点击推荐课程,查看课程详情,加入购物车,26
2019/1/22,注册,注册成功,登录,点击推荐课程,查看课程详情,分享课程,47
2019/1/22,注册,注册成功,登录,点击推荐课程,查看课程详情,购买课程,32
2019/1/22,注册,注册成功,登录,点击推荐课程,搜索课程,查看课程详情,42
2019/1/22,注册,注册成功,登录,点击推荐课程,其它,,5
2019/1/22,注册,注册成功,登录,点击推荐课程,退出,,3
2019/1/22,注册,注册成功,登录,签到,签到成功,,17
2019/1/22,注册,注册成功,退出,,,,8
2019/1/22,注册,注册失败,再注册,注册成功,登录,搜索课程,6
2019/1/22,注册,注册失败,再注册,注册成功,登录,点击推荐课程,19
2019/1/22,注册,注册失败,再注册,注册成功,登录,签到,13
2019/1/22,注册,注册失败,再注册,注册成功,退出,,2
2019/1/22,注册,注册失败,再注册,退出,,,9
2019/1/22,注册,注册失败,退出,,,,4
2019/1/23,注册,注册成功,登录,搜索课程,查看课程详情,加入购物车,46
2019/1/23,注册,注册成功,登录,搜索课程,查看课程详情,分享课程,51
2019/1/23,注册,注册成功,登录,搜索课程,查看课程详情,购买课程,9
2019/1/23,注册,注册成功,登录,搜索课程,其它,,6
2019/1/23,注册,注册成功,登录,搜索课程,退出,,2
2019/1/23,注册,注册成功,登录,点击推荐课程,查看课程详情,加入购物车,24
2019/1/23,注册,注册成功,登录,点击推荐课程,查看课程详情,分享课程,18
2019/1/23,注册,注册成功,登录,点击推荐课程,查看课程详情,购买课程,8
2019/1/23,注册,注册成功,登录,点击推荐课程,搜索课程,查看课程详情,27
2019/1/23,注册,注册成功,登录,点击推荐课程,其它,,1
2019/1/23,注册,注册成功,登录,点击推荐课程,退出,,1
2019/1/23,注册,注册成功,登录,签到,签到成功,,21
2019/1/23,注册,注册成功,退出,,,,6
2019/1/23,注册,注册失败,再注册,注册成功,登录,搜索课程,5
2019/1/23,注册,注册失败,再注册,注册成功,登录,点击推荐课程,7
2019/1/23,注册,注册失败,再注册,注册成功,登录,签到,6
2019/1/23,注册,注册失败,再注册,注册成功,退出,,11
2019/1/23,注册,注册失败,再注册,退出,,,4
2019/1/23,注册,注册失败,退出,,,,2
2019/1/24,注册,注册成功,登录,搜索课程,查看课程详情,加入购物车,33
2019/1/24,注册,注册成功,登录,搜索课程,查看课程详情,分享课程,19
2019/1/24,注册,注册成功,登录,搜索课程,查看课程详情,购买课程,21
2019/1/24,注册,注册成功,登录,搜索课程,其它,,6
2019/1/24,注册,注册成功,登录,搜索课程,退出,,2
2019/1/24,注册,注册成功,登录,点击推荐课程,查看课程详情,加入购物车,43
2019/1/24,注册,注册成功,登录,点击推荐课程,查看课程详情,分享课程,18
2019/1/24,注册,注册成功,登录,点击推荐课程,查看课程详情,购买课程,14
2019/1/24,注册,注册成功,登录,点击推荐课程,搜索课程,查看课程详情,41
2019/1/24,注册,注册成功,登录,点击推荐课程,其它,,2
2019/1/24,注册,注册成功,登录,点击推荐课程,退出,,3
2019/1/24,注册,注册成功,登录,签到,签到成功,,37
2019/1/24,注册,注册成功,退出,,,,10
2019/1/24,注册,注册失败,再注册,注册成功,登录,搜索课程,15
2019/1/24,注册,注册失败,再注册,注册成功,登录,点击推荐课程,18
2019/1/24,注册,注册失败,再注册,注册成功,登录,签到,19
2019/1/24,注册,注册失败,再注册,注册成功,退出,,5
2019/1/24,注册,注册失败,再注册,退出,,,2
2019/1/24,注册,注册失败,退出,,,,4
2019/1/25,注册,注册成功,登录,搜索课程,查看课程详情,加入购物车,39
2019/1/25,注册,注册成功,登录,搜索课程,查看课程详情,分享课程,26
2019/1/25,注册,注册成功,登录,搜索课程,查看课程详情,购买课程,12
2019/1/25,注册,注册成功,登录,搜索课程,其它,,8
2019/1/25,注册,注册成功,登录,搜索课程,退出,,2
2019/1/25,注册,注册成功,登录,点击推荐课程,查看课程详情,加入购物车,37
2019/1/25,注册,注册成功,登录,点击推荐课程,查看课程详情,分享课程,26
2019/1/25,注册,注册成功,登录,点击推荐课程,查看课程详情,购买课程,10
2019/1/25,注册,注册成功,登录,点击推荐课程,搜索课程,查看课程详情,50
2019/1/25,注册,注册成功,登录,点击推荐课程,其它,,9
2019/1/25,注册,注册成功,登录,点击推荐课程,退出,,4
2019/1/25,注册,注册成功,登录,签到,签到成功,,33
2019/1/25,注册,注册成功,退出,,,,8
2019/1/25,注册,注册失败,再注册,注册成功,登录,搜索课程,11
2019/1/25,注册,注册失败,再注册,注册成功,登录,点击推荐课程,18
2019/1/25,注册,注册失败,再注册,注册成功,登录,签到,16
2019/1/25,注册,注册失败,再注册,注册成功,退出,,3
2019/1/25,注册,注册失败,再注册,退出,,,4
2019/1/25,注册,注册失败,退出,,,,5
2019/1/26,注册,注册成功,登录,搜索课程,查看课程详情,加入购物车,38
2019/1/26,注册,注册成功,登录,搜索课程,查看课程详情,分享课程,16
2019/1/26,注册,注册成功,登录,搜索课程,查看课程详情,购买课程,15
2019/1/26,注册,注册成功,登录,搜索课程,其它,,5
2019/1/26,注册,注册成功,登录,搜索课程,退出,,2
2019/1/26,注册,注册成功,登录,点击推荐课程,查看课程详情,加入购物车,29
2019/1/26,注册,注册成功,登录,点击推荐课程,查看课程详情,分享课程,36
2019/1/26,注册,注册成功,登录,点击推荐课程,查看课程详情,购买课程,17
2019/1/26,注册,注册成功,登录,点击推荐课程,搜索课程,查看课程详情,35
2019/1/26,注册,注册成功,登录,点击推荐课程,其它,,7
2019/1/26,注册,注册成功,登录,点击推荐课程,退出,,2
2019/1/26,注册,注册成功,登录,签到,签到成功,,37
2019/1/26,注册,注册成功,退出,,,,18
2019/1/26,注册,注册失败,再注册,注册成功,登录,搜索课程,14
2019/1/26,注册,注册失败,再注册,注册成功,登录,点击推荐课程,16
2019/1/26,注册,注册失败,再注册,注册成功,登录,签到,11
2019/1/26,注册,注册失败,再注册,注册成功,退出,,3
2019/1/26,注册,注册失败,再注册,退出,,,8
2019/1/26,注册,注册失败,退出,,,,6
2019/1/27,注册,注册成功,登录,搜索课程,查看课程详情,加入购物车,32
2019/1/27,注册,注册成功,登录,搜索课程,查看课程详情,分享课程,26
2019/1/27,注册,注册成功,登录,搜索课程,查看课程详情,购买课程,13
2019/1/27,注册,注册成功,登录,搜索课程,其它,,3
2019/1/27,注册,注册成功,登录,搜索课程,退出,,6
2019/1/27,注册,注册成功,登录,点击推荐课程,查看课程详情,加入购物车,43
2019/1/27,注册,注册成功,登录,点击推荐课程,查看课程详情,分享课程,11
2019/1/27,注册,注册成功,登录,点击推荐课程,查看课程详情,购买课程,18
2019/1/27,注册,注册成功,登录,点击推荐课程,搜索课程,查看课程详情,49
2019/1/27,注册,注册成功,登录,点击推荐课程,其它,,6
2019/1/27,注册,注册成功,登录,点击推荐课程,退出,,1
2019/1/27,注册,注册成功,登录,签到,签到成功,,7
2019/1/27,注册,注册成功,退出,,,,14
2019/1/27,注册,注册失败,再注册,注册成功,登录,搜索课程,16
2019/1/27,注册,注册失败,再注册,注册成功,登录,点击推荐课程,26
2019/1/27,注册,注册失败,再注册,注册成功,登录,签到,6
2019/1/27,注册,注册失败,再注册,注册成功,退出,,3
2019/1/27,注册,注册失败,再注册,退出,,,2
2019/1/27,注册,注册失败,退出,,,,5
