userID,age,sex,province,source
3e5617,32,female,Fujian,little Red Book
3e5618,31,female,Yunnan,baidu
3e5619,30,female,Shaanxi,baidu
3e5620,27,female,Jiangsu,little Red Book
3e5621,35,male,Hubei,baidu
3e5622,48,male,Hunan,little Red Book
3e5623,32,male,Hunan,little Red Book
3e5624,48,female,Shaanxi,baidu
3e5625,30,female,Chongqing,baidu
3e5626,16,female,Shandong,little Red Book
3e5627,42,male,Guangdong,wechat
3e5628,35,male,Gansu,little Red Book
3e5629,35,male,Gansu,baidu
3e5630,22,female,Beijing,little Red Book
3e5631,31,female,Beijing,baidu
3e5632,41,male,Beijing,baidu
3e5633,27,male,Liaoning,baidu
3e5634,47,male,Heilongjiang,little Red Book
3e5635,46,male,Fujian,baidu
3e5636,45,male,Jiangxi,baidu
3e5637,47,female,Henan,little Red Book
3e5638,25,female,Hunan,baidu
3e5639,30,female,Szechwan,little Red Book
3e5640,26,male,Gansu,little Red Book
3e5641,16,female,Hebei,little Red Book
3e5642,44,male,Shanxi,wechat
3e5643,24,male,Jilin,little Red Book
3e5644,38,male,Hubei,wechat
3e5645,40,female,Szechwan,wechat
3e5646,39,male,Guizhou,baidu
3e5647,34,female,Tianjin,little Red Book
3e5648,26,male,Tianjin,wechat
3e5649,41,male,Liaoning,wechat
3e5650,33,female,Zhejiang,little Red Book
3e5651,45,male,Fujian,baidu
3e5652,35,female,Henan,little Red Book
3e5653,44,male,Guangdong,wechat
3e5654,29,female,Szechwan,wechat
3e5655,29,male,Shaanxi,wechat
3e5656,25,female,Tianjin,baidu
3e5657,32,female,Shanghai,wechat
3e5658,17,male,Liaoning,baidu
3e5659,24,female,Anhui,wechat
3e5660,18,male,Shandong,baidu
3e5661,16,female,Henan,little Red Book
3e5662,18,female,Hubei,little Red Book
3e5663,29,male,Yunnan,wechat
3e5664,26,female,Shanghai,baidu
3e5665,45,female,Chongqing,wechat
3e5666,25,male,Hebei,baidu
3e5667,34,male,Shanxi,wechat
3e5668,38,male,Zhejiang,wechat
3e5669,35,male,Jiangxi,baidu
3e5670,34,male,Jiangxi,baidu
3e5671,26,female,Qinghai,little Red Book
3e5672,32,male,Jiangxi,baidu
3e5673,39,female,Hubei,little Red Book
3e5674,44,female,Hunan,little Red Book
3e5675,37,male,Hunan,wechat
3e5676,26,female,Gansu,baidu
3e5677,33,male,Taiwan,baidu
3e5678,23,female,Jiangsu,baidu
3e5679,30,female,Zhejiang,little Red Book
3e5680,30,female,Fujian,wechat
3e5681,23,male,Qinghai,little Red Book
3e5682,16,male,Jilin,little Red Book
3e5683,45,female,Jilin,baidu
3e5684,39,female,Shaanxi,wechat
3e5685,24,female,Shaanxi,baidu
3e5686,33,male,Shaanxi,little Red Book
3e5687,35,male,Gansu,little Red Book
3e5688,33,male,Shanghai,little Red Book
3e5689,22,male,Heilongjiang,baidu
3e5690,18,male,Jiangsu,baidu
3e5691,30,female,Anhui,baidu
3e5692,44,female,Jiangxi,little Red Book
3e5693,26,male,Hunan,wechat
3e5694,38,male,Guangdong,baidu
3e5695,23,female,Szechwan,wechat
3e5696,30,male,Beijing,baidu
3e5697,44,male,Hebei,wechat
3e5698,23,male,Zhejiang,little Red Book
3e5699,25,female,Gansu,little Red Book
3e5700,27,female,Gansu,wechat
3e5701,25,female,Tianjin,baidu
3e5702,30,male,Chongqing,little Red Book
3e5703,24,male,Hebei,wechat
3e5704,42,female,Zhejiang,baidu
3e5705,34,female,Zhejiang,wechat
3e5706,32,female,Jiangxi,wechat
3e5707,40,female,Henan,little Red Book
3e5708,29,male,Yunnan,wechat
3e5709,46,female,Jilin,baidu
3e5710,38,male,Heilongjiang,wechat
3e5711,38,male,Jiangsu,wechat
3e5712,31,male,Zhejiang,baidu
3e5713,29,female,Hunan,wechat
3e5714,30,female,Hunan,wechat
3e5715,44,male,Beijing,wechat
3e5716,48,female,Beijing,wechat
3e5717,35,female,Beijing,little Red Book
3e5718,36,female,Hunan,little Red Book
3e5719,38,female,Inner Mongolia,wechat
3e5720,32,male,Tianjin,wechat
3e5721,18,male,Shanghai,little Red Book
3e5722,25,male,Shanghai,wechat
3e5723,30,female,Shanxi,wechat
3e5724,22,male,Jilin,little Red Book
3e5725,26,female,Hubei,wechat
3e5726,37,female,Hunan,baidu
3e5727,34,male,Hunan,wechat
3e5728,26,male,Guangdong,little Red Book
3e5729,31,male,Liaoning,little Red Book
3e5730,25,female,Jiangsu,little Red Book
3e5731,34,male,Hunan,wechat
3e5732,47,female,Shanghai,wechat
3e5733,18,male,Hebei,little Red Book
3e5734,19,female,Liaoning,baidu
3e5735,32,female,Shandong,wechat
3e5736,23,male,Guangdong,baidu
3e5737,43,male,Hunan,little Red Book
3e5738,24,female,Beijing,wechat
3e5739,37,female,Beijing,little Red Book
3e5740,23,female,Heilongjiang,wechat
3e5741,38,male,Jiangsu,baidu
3e5742,18,male,Henan,little Red Book
3e5743,34,female,Guangdong,baidu
3e5744,46,female,Guangdong,little Red Book
3e5745,43,male,Hunan,wechat
3e5746,43,female,Beijing,wechat
3e5747,27,female,Shanghai,little Red Book
3e5748,40,female,Hebei,little Red Book
3e5749,43,male,Jilin,baidu
3e5750,45,male,Jiangsu,little Red Book
3e5751,31,male,Zhejiang,baidu
3e5752,48,female,Hunan,baidu
3e5753,29,female,Szechwan,little Red Book
3e5754,19,female,Beijing,baidu
3e5755,33,male,Shanghai,wechat
3e5756,21,female,Zhejiang,wechat
3e5757,31,male,Guangdong,baidu
3e5758,30,female,Szechwan,baidu
3e5759,24,male,Beijing,little Red Book
3e5760,25,female,Beijing,little Red Book
3e5761,27,male,Jiangsu,baidu
3e5762,46,female,Szechwan,little Red Book
3e5763,29,female,Tianjin,wechat
3e5764,34,female,Hebei,little Red Book
3e5765,29,female,Zhejiang,baidu
3e5766,32,male,Anhui,baidu
3e5767,29,female,Chongqing,baidu
3e5768,35,female,Jiangsu,little Red Book
3e5769,40,male,Anhui,little Red Book
3e5770,30,male,Fujian,little Red Book
3e5771,33,male,Hubei,baidu
3e5772,47,male,Hunan,baidu
3e5773,43,female,Yunnan,little Red Book
3e5774,23,male,Yunnan,baidu
3e5775,36,female,Tianjin,little Red Book
3e5776,41,male,Liaoning,baidu
3e5777,23,female,Heilongjiang,little Red Book
3e5778,25,female,Jiangsu,baidu
3e5779,36,male,Anhui,little Red Book
3e5780,30,female,Fujian,wechat
3e5781,29,male,Gansu,wechat
3e5782,32,male,Henan,wechat
3e5783,24,male,Hunan,wechat
3e5784,25,female,Macao,wechat
3e5785,48,female,Shanghai,baidu
3e5786,41,male,Liaoning,wechat
3e5787,27,male,Shandong,baidu
3e5788,37,female,Yunnan,wechat
3e5789,24,male,Inner Mongolia,baidu
3e5790,27,female,Zhejiang,wechat
3e5791,22,male,Zhejiang,wechat
3e5792,30,male,Guangdong,baidu
3e5793,23,male,Yunnan,little Red Book
3e5794,29,male,Hebei,baidu
3e5795,39,female,Shanxi,baidu
3e5796,33,female,Zhejiang,baidu
3e5797,21,male,Fujian,wechat
3e5798,34,female,Hubei,wechat
3e5799,26,female,Hunan,little Red Book
3e5800,27,male,Gansu,little Red Book
3e5801,34,male,Macao,baidu
3e5802,34,female,Chongqing,baidu
3e5803,46,female,Zhejiang,little Red Book
3e5804,25,male,Jiangxi,wechat
3e5805,40,female,Hubei,baidu
3e5806,18,male,Guizhou,wechat
3e5807,27,female,Jilin,baidu
3e5808,44,male,Jiangxi,baidu
3e5809,30,male,Henan,little Red Book
3e5810,32,male,Shaanxi,little Red Book
3e5811,41,female,Macao,baidu
3e5812,24,female,Anhui,baidu
3e5813,28,male,Chongqing,little Red Book
3e5814,30,female,Chongqing,baidu
3e5815,45,female,Chongqing,little Red Book
3e5816,25,female,Fujian,wechat
3e5817,31,male,Hebei,baidu
3e5818,29,female,Heilongjiang,little Red Book
3e5819,40,female,Jiangsu,baidu
3e5820,32,female,Jiangsu,little Red Book
3e5821,22,female,Jiangsu,wechat
3e5822,17,male,Shandong,baidu
3e5823,40,female,Hunan,baidu
3e5824,31,female,Hunan,little Red Book
3e5825,42,male,Hunan,wechat
3e5826,31,female,Chongqing,baidu
3e5827,41,male,Jiangsu,wechat
3e5828,35,female,Henan,little Red Book
3e5829,24,male,Hubei,wechat
3e5830,34,female,Guangdong,wechat
3e5831,39,female,Hunan,baidu
3e5832,33,female,Chongqing,baidu
3e5833,36,female,Fujian,baidu
3e5834,46,male,Shandong,little Red Book
3e5835,22,male,Hunan,baidu
3e5836,30,female,Chongqing,little Red Book
3e5837,47,male,Shanxi,little Red Book
3e5838,38,female,Anhui,little Red Book
3e5839,32,male,Fujian,baidu
3e5840,46,female,Jiangxi,baidu
3e5841,44,male,Jiangxi,little Red Book
3e5842,27,male,Henan,little Red Book
3e5843,48,female,Szechwan,little Red Book
3e5844,44,male,Beijing,baidu
3e5845,26,male,Tianjin,wechat
3e5846,28,male,Shanxi,baidu
3e5847,37,female,Zhejiang,wechat
3e5848,44,male,Zhejiang,baidu
3e5849,42,female,Hunan,wechat
3e5850,40,female,Inner Mongolia,baidu
3e5851,46,male,Tianjin,baidu
3e5852,25,male,Shanghai,baidu
3e5853,35,male,Liaoning,wechat
3e5854,20,female,Jiangsu,baidu
3e5855,24,female,Fujian,wechat
3e5856,20,female,Szechwan,little Red Book
3e5857,28,female,Shaanxi,little Red Book
3e5858,41,male,Qinghai,baidu
3e5859,40,female,Jilin,baidu
3e5860,16,male,Jilin,wechat
3e5861,34,male,Fujian,wechat
3e5862,25,male,Hubei,wechat
3e5863,26,male,Hubei,little Red Book
3e5864,45,female,Hunan,wechat
3e5865,24,male,Zhejiang,baidu
3e5866,33,male,Jiangxi,baidu
3e5867,36,female,Jiangxi,baidu
3e5868,22,male,Hunan,wechat
3e5869,31,male,Szechwan,little Red Book
3e5870,26,female,Yunnan,baidu
3e5871,30,female,Tibet,wechat
3e5872,46,female,Ningxia,baidu
3e5873,34,male,Chongqing,wechat
3e5874,39,male,Jiangsu,little Red Book
3e5875,21,male,Zhejiang,baidu
3e5876,24,female,Henan,wechat
3e5877,37,male,Hunan,little Red Book
