用户ID,年龄,性别,省市,渠道来源
3e5617,32,女,福建,小红书
3e5618,31,女,云南,百度
3e5619,30,女,陕西,百度
3e5620,27,女,江苏,小红书
3e5621,35,男,湖北,百度
3e5622,48,男,湖南,小红书
3e5623,32,男,海南,小红书
3e5624,48,女,陕西,百度
3e5625,30,女,重庆,百度
3e5626,16,女,山东,小红书
3e5627,42,男,广东,微信
3e5628,35,男,甘肃,小红书
3e5629,35,男,甘肃,百度
3e5630,22,女,北京,小红书
3e5631,31,女,北京,百度
3e5632,41,男,北京,百度
3e5633,27,男,辽宁,百度
3e5634,47,男,黑龙江,小红书
3e5635,46,男,福建,百度
3e5636,45,男,江西,百度
3e5637,47,女,河南,小红书
3e5638,25,女,湖南,百度
3e5639,30,女,四川,小红书
3e5640,26,男,甘肃,小红书
3e5641,16,女,河北,小红书
3e5642,44,男,山西,微信
3e5643,24,男,吉林,小红书
3e5644,38,男,湖北,微信
3e5645,40,女,四川,微信
3e5646,39,男,贵州,百度
3e5647,34,女,天津,小红书
3e5648,26,男,天津,微信
3e5649,41,男,辽宁,微信
3e5650,33,女,浙江,小红书
3e5651,45,男,福建,百度
3e5652,35,女,河南,小红书
3e5653,44,男,广东,微信
3e5654,29,女,四川,微信
3e5655,29,男,陕西,微信
3e5656,25,女,天津,百度
3e5657,32,女,上海,微信
3e5658,17,男,辽宁,百度
3e5659,24,女,安徽,微信
3e5660,18,男,山东,百度
3e5661,16,女,河南,小红书
3e5662,18,女,湖北,小红书
3e5663,29,男,云南,微信
3e5664,26,女,上海,百度
3e5665,45,女,重庆,微信
3e5666,25,男,河北,百度
3e5667,34,男,山西,微信
3e5668,38,男,浙江,微信
3e5669,35,男,江西,百度
3e5670,34,男,江西,百度
3e5671,26,女,青海,小红书
3e5672,32,男,江西,百度
3e5673,39,女,湖北,小红书
3e5674,44,女,海南,小红书
3e5675,37,男,海南,微信
3e5676,26,女,甘肃,百度
3e5677,33,男,台湾,百度
3e5678,23,女,江苏,百度
3e5679,30,女,浙江,小红书
3e5680,30,女,福建,微信
3e5681,23,男,青海,小红书
3e5682,16,男,吉林,小红书
3e5683,45,女,吉林,百度
3e5684,39,女,陕西,微信
3e5685,24,女,陕西,百度
3e5686,33,男,陕西,小红书
3e5687,35,男,甘肃,小红书
3e5688,33,男,上海,小红书
3e5689,22,男,黑龙江,百度
3e5690,18,男,江苏,百度
3e5691,30,女,安徽,百度
3e5692,44,女,江西,小红书
3e5693,26,男,湖南,微信
3e5694,38,男,广东,百度
3e5695,23,女,四川,微信
3e5696,30,男,北京,百度
3e5697,44,男,河北,微信
3e5698,23,男,浙江,小红书
3e5699,25,女,甘肃,小红书
3e5700,27,女,甘肃,微信
3e5701,25,女,天津,百度
3e5702,30,男,重庆,小红书
3e5703,24,男,河北,微信
3e5704,42,女,浙江,百度
3e5705,34,女,浙江,微信
3e5706,32,女,江西,微信
3e5707,40,女,河南,小红书
3e5708,29,男,云南,微信
3e5709,46,女,吉林,百度
3e5710,38,男,黑龙江,微信
3e5711,38,男,江苏,微信
3e5712,31,男,浙江,百度
3e5713,29,女,湖南,微信
3e5714,30,女,海南,微信
3e5715,44,男,北京,微信
3e5716,48,女,北京,微信
3e5717,35,女,北京,小红书
3e5718,36,女,湖南,小红书
3e5719,38,女,内蒙古,微信
3e5720,32,男,天津,微信
3e5721,18,男,上海,小红书
3e5722,25,男,上海,微信
3e5723,30,女,山西,微信
3e5724,22,男,吉林,小红书
3e5725,26,女,湖北,微信
3e5726,37,女,湖南,百度
3e5727,34,男,湖南,微信
3e5728,26,男,广东,小红书
3e5729,31,男,辽宁,小红书
3e5730,25,女,江苏,小红书
3e5731,34,男,湖南,微信
3e5732,47,女,上海,微信
3e5733,18,男,河北,小红书
3e5734,19,女,辽宁,百度
3e5735,32,女,山东,微信
3e5736,23,男,广东,百度
3e5737,43,男,海南,小红书
3e5738,24,女,北京,微信
3e5739,37,女,北京,小红书
3e5740,23,女,黑龙江,微信
3e5741,38,男,江苏,百度
3e5742,18,男,河南,小红书
3e5743,34,女,广东,百度
3e5744,46,女,广东,小红书
3e5745,43,男,海南,微信
3e5746,43,女,北京,微信
3e5747,27,女,上海,小红书
3e5748,40,女,河北,小红书
3e5749,43,男,吉林,百度
3e5750,45,男,江苏,小红书
3e5751,31,男,浙江,百度
3e5752,48,女,湖南,百度
3e5753,29,女,四川,小红书
3e5754,19,女,北京,百度
3e5755,33,男,上海,微信
3e5756,21,女,浙江,微信
3e5757,31,男,广东,百度
3e5758,30,女,四川,百度
3e5759,24,男,北京,小红书
3e5760,25,女,北京,小红书
3e5761,27,男,江苏,百度
3e5762,46,女,四川,小红书
3e5763,29,女,天津,微信
3e5764,34,女,河北,小红书
3e5765,29,女,浙江,百度
3e5766,32,男,安徽,百度
3e5767,29,女,重庆,百度
3e5768,35,女,江苏,小红书
3e5769,40,男,安徽,小红书
3e5770,30,男,福建,小红书
3e5771,33,男,湖北,百度
3e5772,47,男,海南,百度
3e5773,43,女,云南,小红书
3e5774,23,男,云南,百度
3e5775,36,女,天津,小红书
3e5776,41,男,辽宁,百度
3e5777,23,女,黑龙江,小红书
3e5778,25,女,江苏,百度
3e5779,36,男,安徽,小红书
3e5780,30,女,福建,微信
3e5781,29,男,甘肃,微信
3e5782,32,男,河南,微信
3e5783,24,男,湖南,微信
3e5784,25,女,澳门,微信
3e5785,48,女,上海,百度
3e5786,41,男,辽宁,微信
3e5787,27,男,山东,百度
3e5788,37,女,云南,微信
3e5789,24,男,内蒙古,百度
3e5790,27,女,浙江,微信
3e5791,22,男,浙江,微信
3e5792,30,男,广东,百度
3e5793,23,男,云南,小红书
3e5794,29,男,河北,百度
3e5795,39,女,山西,百度
3e5796,33,女,浙江,百度
3e5797,21,男,福建,微信
3e5798,34,女,湖北,微信
3e5799,26,女,湖南,小红书
3e5800,27,男,甘肃,小红书
3e5801,34,男,澳门,百度
3e5802,34,女,重庆,百度
3e5803,46,女,浙江,小红书
3e5804,25,男,江西,微信
3e5805,40,女,湖北,百度
3e5806,18,男,贵州,微信
3e5807,27,女,吉林,百度
3e5808,44,男,江西,百度
3e5809,30,男,河南,小红书
3e5810,32,男,陕西,小红书
3e5811,41,女,澳门,百度
3e5812,24,女,安徽,百度
3e5813,28,男,重庆,小红书
3e5814,30,女,重庆,百度
3e5815,45,女,重庆,小红书
3e5816,25,女,福建,微信
3e5817,31,男,河北,百度
3e5818,29,女,黑龙江,小红书
3e5819,40,女,江苏,百度
3e5820,32,女,江苏,小红书
3e5821,22,女,江苏,微信
3e5822,17,男,山东,百度
3e5823,40,女,湖南,百度
3e5824,31,女,湖南,小红书
3e5825,42,男,湖南,微信
3e5826,31,女,重庆,百度
3e5827,41,男,江苏,微信
3e5828,35,女,河南,小红书
3e5829,24,男,湖北,微信
3e5830,34,女,广东,微信
3e5831,39,女,海南,百度
3e5832,33,女,重庆,百度
3e5833,36,女,福建,百度
3e5834,46,男,山东,小红书
3e5835,22,男,湖南,百度
3e5836,30,女,重庆,小红书
3e5837,47,男,山西,小红书
3e5838,38,女,安徽,小红书
3e5839,32,男,福建,百度
3e5840,46,女,江西,百度
3e5841,44,男,江西,小红书
3e5842,27,男,河南,小红书
3e5843,48,女,四川,小红书
3e5844,44,男,北京,百度
3e5845,26,男,天津,微信
3e5846,28,男,山西,百度
3e5847,37,女,浙江,微信
3e5848,44,男,浙江,百度
3e5849,42,女,海南,微信
3e5850,40,女,内蒙古,百度
3e5851,46,男,天津,百度
3e5852,25,男,上海,百度
3e5853,35,男,辽宁,微信
3e5854,20,女,江苏,百度
3e5855,24,女,福建,微信
3e5856,20,女,四川,小红书
3e5857,28,女,陕西,小红书
3e5858,41,男,青海,百度
3e5859,40,女,吉林,百度
3e5860,16,男,吉林,微信
3e5861,34,男,福建,微信
3e5862,25,男,湖北,微信
3e5863,26,男,湖北,小红书
3e5864,45,女,湖南,微信
3e5865,24,男,浙江,百度
3e5866,33,男,江西,百度
3e5867,36,女,江西,百度
3e5868,22,男,湖南,微信
3e5869,31,男,四川,小红书
3e5870,26,女,云南,百度
3e5871,30,女,西藏,微信
3e5872,46,女,宁夏,百度
3e5873,34,男,重庆,微信
3e5874,39,男,江苏,小红书
3e5875,21,男,浙江,百度
3e5876,24,女,河南,微信
3e5877,37,男,湖南,小红书
